Last Updated On,03/12/2025,,,,,,,
Name,Writer,Language,Publication,Price,Quantity,Size,Cover,
স্বামী বিবেকানন্দ দ্বিতীয় ভাগ,প্রমথনাথ বসু,Bengali,Udbodhan,80.00,1,Large,Hard,  
হিন্দুধর্ম ও শ্রীরামকৃষ্ণ,স্বামী বিবেকানন্দ,Bengali,Udbodhan,25.00,0,Small,Soft,
স্মৃতির আলোয় স্বামীজী ,স্বামী পূর্ণাত্নানন্দ ,Bengali,Udbodhan,150.00,6,Large,Hard,
স্বামীজীর সন্নিধানে,‌‌‍‌স্বামী জীবানন্দ,Bengali,Udbodhan,55.00,2,Large,Hard,
স্বামীজীর মাতৃভক্তি,স্বামী তথাগতানন্দ,Bengali,Udbodhan,25.00,2,Large,Soft,
স্বামীজীর ভারতপ্রেম,স্বামী চৈতন্যানন্দ ,Bengali,Udbodhan,15.00,7,Medium,Soft,
স্বামীজীর ভারতপ্রেম,স্বামী চৈতন্যানন্দ ,Bengali,Udbodhan,13.00,2,Medium,Soft,
স্বামীজীর ভারতপ্রেম,স্বামী চৈতন্যানন্দ ,Bengali,Udbodhan,10.00,1,Medium,Soft,
স্বামীজীর আহ্বান,স্বামী বিবেকানন্দ,Bengali,Udbodhan,10.00,84,Small,Soft,
স্বামীজীর  স্বাধীন ভারতের স্বপ্ন,স্বামী রঙ্গনাথানন্দ,Bengali,Udbodhan,20.00,5,Medium,Soft,
স্বামীজীকে যেরুপ দেখিয়াছি ,ভগিনী নিবেদিতা ,Bengali,Udbodhan,80.00,5,Medium,Hard,
স্বামীজী ও তাঁর বাণী,ভগিনী নিবেদিতা,Bengali,Udbodhan,12.00,8,Very Small,Soft,
স্বামী সারদানন্দের স্মৃতিকথা,স্বামী চেতনানন্দ ,Bengali,Udbodhan,70.00,1,Medium,Hard,
স্বামী যতীশ্বরানন্দের পুণ্যস্মৃতি,প্রব্রাজিকা সারদাপ্রাণা,Bengali,Others,32.00,1,Medium,Soft,
স্বামী বিবেকানন্দের বাল্য জীবনী,মহেন্দ্রনাথ দত্ত,Bengali,Others,25.00,1,Medium,Soft,
স্বামী বিবেকানন্দের বানী ও রচনা ১,,Bengali,Udbodhan,150.00,1,Large,Hard,
স্বামী বিবেকানন্দের বানী ও রচনা ২,,Bengali,Udbodhan,150.00,1,Large,Hard,
স্বামী বিবেকানন্দের বানী ও রচনা ৩,,Bengali,Udbodhan,150.00,1,Large,Hard,
স্বামী বিবেকানন্দের বানী ও রচনা ৪,,Bengali,Udbodhan,150.00,1,Large,Hard,
স্বামী বিবেকানন্দের বানী ও রচনা ৫,,Bengali,Udbodhan,150.00,0,Large,Hard,
স্বামী বিবেকানন্দের বানী ও রচনা ৬,,Bengali,Udbodhan,150.00,0,Large,Hard,
স্বামী বিবেকানন্দের বানী ও রচনা ৭,,Bengali,Udbodhan,150.00,0,Large,Hard,
স্বামী বিবেকানন্দের বানী ও রচনা ৮,,Bengali,Udbodhan,150.00,0,Large,Hard,
স্বামী বিবেকানন্দের বানী ও রচনা ৯,,Bengali,Udbodhan,150.00,1,Large,Hard,
স্বামী বিবেকানন্দের বানী ও রচনা ১০,,Bengali,Udbodhan,150.00,1,Large,Hard,
স্বামী বিবেকানন্দ ও যুব অন্দোলন ,শ্রীনবনীহরণ মুখোপাধ্যায়,Bengali,Mahamandal,30.00,5,Large,Soft,
স্বামী বিবেকানন্দ ও আমাদের সম্ভাবনা,শ্রীনবনীহরণ মুখোপাধ্যায়,Bengali,Mahamandal,150.00,6,Large,Hard,
স্বামী বিবেকানন্দ ১,প্রমথনাথ বসু,Bengali,Udbodhan,280.00,2,Large,Hard,
স্বামী বিবেকানন্দ ২,প্রমথনাথ বসু ,Bengali,Udbodhan,320.00,1,Large,Hard,
স্বামী বিবেকানন্দ -যুব সমাজের আদর্শ,স্বামী গোকুলানন্দ,Bengali,Udbodhan,5.00,4,Very Small,Soft,
স্বামী বিবেকানন্দ ,স্বামী বিশ্বাশ্রয়ানন্দ,Bengali,Udbodhan,40.00,25,Medium,Soft,
স্বামী বিবেকানন্দ,শ্রীইন্দ্রদয়াল ভট্টাচার্য,Bengali,Udbodhan,20.00,40,Medium,Soft,
স্বামী তুরিয়ানন্দ,স্বামী জগদীশ্বরানন্দ,Bengali,Udbodhan,40.00,1,Large,Hard,
স্বামীজীর পদপ্রান্তে ,স্বামী অব্জজানন্দ,Bengali,Udbodhan,120.00,3,Large,Hard,
সুভাষচন্দ্র ও জীবনগঠন,শ্রী সমীর কুমার দাশগুপ্ত,Bengali,Mahamandal,15.00,17,Medium,Soft,
সারদানন্দচরিত ,স্বামী প্রভানন্দ ,Bengali,Udbodhan,130.00,0,Large,Hard,
সারদাদেবী চিত্রকথা,স্বামী শান্তরুপানন্দ,Bengali,Others,50.00,2,Large,Soft,
সাধু নাগমহাশয় ,শ্রী শরচ্চন্দ্র চক্রবর্তী ,Bengali,Udbodhan,40.00,0,Medium,Soft,
সাধু নাগমহাশয়,শ্রী শরচ্চন্দ্র চক্রবর্তী,Bengali,Udbodhan,40.00,1,Medium,Soft,
সংসারীদের প্রতি শ্রীশ্রীঠাকুর রামকৃষ্ণদেবের অভয়বানী ,নদীয়া বিনোদ দাস ,Bengali,Others,35.00,2,Medium,Soft,
সরল রাজযোগ,স্বামী বিবেকানন্দ,Bengali,Udbodhan,6.00,10,Medium,Soft,
শান্তিরুপিনী সারদা,স্বামী দেবেন্দ্রানন্দ,Bengali,Udbodhan,30.00,2,Medium,Soft,
সৎপ্রসঙ্গে ,স্বামী বিজ্ঞানানন্দ ,Bengali,Udbodhan,40.00,2,Medium,Hard,
সৎকথা,স্বামী সিদ্ধানন্দ,Bengali,Udbodhan,60.00,0,Medium,Soft,
সচিত্র যোগ-ব্যায়াম ,শ্রীনীলমণি দাশ ,Bengali,Others,80.00,1,Medium,Hard,
শ্রীশ্রীরামকৃষ্ণলীলাপ্রসঙ্গ ২,স্বামী সারদানন্দ,Bengali,Udbodhan,220.00,2,Large,Hard,
শ্রীশ্রীরামকৃষ্ণলীলাপ্রসঙ্গ ১,স্বামী সারদানন্দ,Bengali,Udbodhan,260.00,2,Medium,Hard,
শ্রীশ্রীরামকৃষ্ণকথামৃত ২,শ্রীম,Bengali,Udbodhan,300.00,3,Large,Hard,
শ্রীশ্রীরামকৃষ্ণকথামৃত ১,শ্রীম,Bengali,Udbodhan,300.00,1,Large,Hard,
শ্রীশ্রীরামকৃষ্ণ শ্রীমা ও স্বামী বিবেকানন্দের জীবনী ও বাণী  (সংক্ষিপ্ত),,Bengali,Udbodhan,10.00,1,Medium,Soft,
শ্রীশ্রীরামকৃষ্ণ কথামৃত ৫,শ্রীম,Bengali,Others,60.00,0,Small,Soft,
শ্রীশ্রীরামকৃষ্ণ কথামৃত ৪,শ্রীম,Bengali,Others,65.00,0,Small,Soft,
শ্রীশ্রীরামকৃষ্ণ কথামৃত ৩,শ্রীম,Bengali,Others,60.00,0,Small,Soft,
শ্রীশ্রীরামকৃষ্ণ কথামৃত ২,শ্রীম,Bengali,Others,75.00,0,Small,Soft,
শ্রীশ্রীরামকৃষ্ণ কথামৃত ১,শ্রীম ,Bengali,Others,60.00,0,Small,Soft,
শ্রীশ্রীমায়ের কথা (অখণ্ড),স্বামী চেতনানন্দ,Bengali,Udbodhan,250.00,2,Large,Hard,
শ্রীশ্রীমা সারদাদেবীর  চিত্র ও বানী,,Bengali,Others,25.00,0,Medium,Soft,
শ্রীশ্রীমা সারদা,স্বামী নিরাময়ানন্দ,Bengali,Others,30.00,5,Medium,Soft,
শ্রীশ্রীচন্ডী ,স্বামী জগদীশ্বরানন্দ ,Bengali,Udbodhan,160.00,3,Medium,Hard,
শ্রীরামকৃষ্ণের সান্নিধ্যে,স্বামী চেতনানন্দ,Bengali,Udbodhan,100.00,1,Large,Hard,
শ্রীরামকৃষ্ণের গল্পসম্ভার,,Bengali,Udbodhan,50.00,5,Medium,Soft,
শ্রীরামকৃষ্ণ ভক্তমালিকা,স্বামী গম্ভীরানন্দ,Bengali,Udbodhan,350.00,3,Large,Hard,
শ্রীরামকৃষ্ণচরিত ,শ্রীক্ষিতীশচন্দ্র চৌধুরী,Bengali,Udbodhan,80.00,4,Large,Hard,
শ্রীরামকৃষ্ণ-শ্রীমুখ বাণী,অসিতেশ চট্টোপাধ্যায়,Bengali,Mahamandal,5.00,1,Medium,Soft,
শ্রীরামকৃষ্ণ দেব,শ্রীশশিভূষণ ঘোষ,Bengali,Udbodhan,50.00,3,Medium,Soft,
শ্রীরামকৃষ্ণ চিত্রকথা,স্বামী শান্তরূপানন্দ,Bengali,Others,55.00,2,Large,Soft,
শ্রীরামকৃষ্ণ গীতি-অঞ্জলি,,Bengali,Udbodhan,180.00,1,Large,Hard,
শ্রীরামকৃষ্ণ অমিয়কথা,শ্রীপ্রণবকুমার সিংহ,Bengali,Udbodhan,50.00,3,Large,Soft,
শ্রীমা সারদা দেবী,স্বামী গম্ভীরানন্দ ,Bengali,Udbodhan,250.00,3,Large,Hard,
শ্রীমদ্ভগবদ্ গীতা,,Bengali,Udbodhan,25.00,20,Very Small,Soft,
শ্রীমদ্ভগবদ্ গীতা,,Bengali,Udbodhan,30.00,2,Small,Soft,
শ্রীমদ্ভগবদ্ গীতা,,Bengali,Udbodhan,160.00,1,Medium,Hard,
শ্রীমৎ বিবেকানন্দ স্বামীজীর জীবনের ঘটনাবলী ৩ ,মহেন্দ্রনাথ দত্ত,Bengali,Others,70.00,1,Large,Soft,
শ্রীনবনীহরণ মুখোপাধ্যায়ের পত্র সংকলন,,Bengali,Mahamandal,150.00,3,Large,Hard,
শ্রী শ্রী সারদামায়ের একশত আট নাম,শ্রীমতী কুমকুম সমাদ্দার ,,,12.00,3,Medium,Soft,
শ্রী শ্রী রামকৃষ্ণ,শ্রী ইন্দ্রদয়াল ভট্টাচার্য,Bengali,Udbodhan,6.00,11,Medium,Hard,
শ্রী শ্রী চৈতন্যদেব,স্বামী সারদেশানন্দ,Bengali,Udbodhan,85.00,1,Large,Hard,
শ্রী রামকৃষ্ণ জীবনী,স্বামী তেজসানন্দ,Bengali,Udbodhan,75.00,0,Medium,Hard,
শ্রী রামকষ্ণ-সহায়িকা মা সারদা,স্বামী প্রভানন্দ,Bengali,Udbodhan,15.00,3,Medium,Soft,
শিশুরাই মানবজাতির শ্রেষ্ঠ সম্পদ ,স্বামী রঙ্গনাথানন্দ,Bengali,Udbodhan,8.00,15,Small,Soft,
শিশুদের রামকৃষ্ণ,স্বামী বিশ্বাশ্রয়ানন্দ,Bengali,Udbodhan,35.00,4,Large,Soft,
শিশুদের মা সরদাদেবী,স্বামী বিশ্বাশ্রয়ানন্দ,Bengali,Udbodhan,45.00,11,Large,Soft,
শিশুদের বিবেকানন্দ,স্বামী বিশ্বাশ্রয়ানন্দ,Bengali,Udbodhan,35.00,9,Large,Soft,
শিশুদের নিবেদিতা,,Bengali,Udbodhan,40.00,6,Large,Hard,
শতরূপে সারদা,,Bengali,Others,500.00,2,Large,Hard,
রামায়ণ কণিকা,স্বামী অমলানন্দ,Bengali,Others,20.00,3,Medium,Soft,
রামকৃষ্ণের কথা ও গল্প,স্বামী প্রেমঘনানন্দ,Bengali,Udbodhan,45.00,1,Medium,Soft,
রামকৃষ্ণ-সঙ্ঘ আদর্শ ও ইতিহাস ,স্বামী তেজসানন্দ,Bengali,Others,10.00,6,Small,Soft,
রামকৃষ্ণ মঠের আদিকথা,স্বামী প্রভানন্দ ,Bengali,Udbodhan,100.00,3,Large,Hard,
রাজযোগ ,স্বামী বিবেকানন্দ,Bengali,Udbodhan,45.00,2,Medium,Soft,
যে গুনে মানুষ বড় হয় ২,স্বামী নিত্যমুক্তানন্দ,Bengali,Udbodhan,25.00,0,Medium,Soft,
যে গুনে মানুষ বড় হয় ১,স্বামী নিত্যমুক্তানন্দ,Bengali,Udbodhan,25.00,0,Medium,Soft,
যুব সমস্যা ও স্বামী বিবেকানন্দ ,শ্রীনবনীহরণ মুখোপাধ্যায়,Bengali,Mahamandal,10.00,15,Small,Soft,
যুগনায়ক বিবেকানন্দ ১,স্বামী গম্ভীরানন্দ ,Bengali,Udbodhan,150.00,2,Large,Hard,
যুগপ্রবর্তক বিবেকানন্দ,স্বামী অপূর্বানন্দ,Bengali,Others,170.00,2,Large,Hard,
যুগনায়ক বিবেকানন্দ ৩,স্বামী গম্ভীরানন্দ ,Bengali,Udbodhan,120.00,2,Large,Hard,
যুগনায়ক বিবেকানন্দ ২,স্বামী গম্ভীরানন্দ,Bengali,Udbodhan,120.00,1,Large,Hard,
যুগজননী সারদা,স্বামী পূর্ণাত্মানন্দ,Bengali,Udbodhan,280.00,1,Large,Hard,
মদীয় আচার্যদেব,স্বামী বিবেকানন্দ,Bengali,Udbodhan,12.00,2,Medium,Hard,
মুসাফিরের গাঁটরি,স্বামী সুহিতানন্দ ,Bengali,Udbodhan,100.00,2,Large,Hard,
মাতৃদর্শন ,স্বামী চেতনানন্দ ,Bengali,Udbodhan,80.00,3,Medium,Hard,
মহিমময় শ্রীরামকৃষ্ণ,স্বামী সুপর্ণানন্দ,Bengali,Others,8.00,16,Medium,Soft,
মহাভারতের গল্প,স্বামী বিশ্বাশ্রয়ানন্দ,Bengali,Udbodhan,35.00,5,Medium,Soft,
মহাভারত কাহিনী ,স্বামী অমলানন্দ,Bengali,Others,50.00,1,Medium,Soft,
মমতাপ্রতিমা সারদা,স্বামী আত্মস্হানন্দ,Bengali,Udbodhan,14.00,6,Medium,Hard,
মন্ত্রদীক্ষা ,স্বামী ভূতেশানন্দ,Bengali,Udbodhan,25.00,7,Medium,Soft,
মনোমুকুরে নবনী দা,,Bengali,Mahamandal,130.00,4,Large,Soft,
মনীষী-ভাবনায় নতুন ভারত,স্বামী সুপর্নানন্দ ,Bengali,Others,6.00,18,Medium,Soft,
মনঃসংযোগ ,শ্রীনবনীহরণ মুখোপাধ্যায়,Bengali,Mahamandal,12.00,24,Medium,Soft,
মন ও তার শক্তি,স্বামী বিবেকানন্দ,Bengali,Udbodhan,8.00,3,Medium,Soft,
ভারতের পুনর্গঠন ,স্বামী বিবেকানন্দ ,Bengali,Udbodhan,7.00,9,Medium,Soft,
ভারতের নিবেদিতা,,Bengali,Others,10.00,0,Medium,Hard,
ভারতে বিবেকানন্দ,,Bengali,Udbodhan,250.00,2,Medium,Hard,
ভারতবর্ষ বিবেকানন্দ ও যুব মহামণ্ডল,শ্রীবীরেন্দ্র কুমার চক্রবর্তী ,Bengali,Mahamandal,22.00,3,Large,Soft,
ভারত-উপাসিকা নিবেদিতা ,রামেন্দু বন্দ্যোপাধ্যায়,Bengali,Udbodhan,10.00,7,Medium,Soft,
ভারত কল্যাণে নিবেদিতা,শ্রী সমীর কুমার দাশগুপ্ত,Bengali,Mahamandal,30.00,3,Medium,Hard,
ভারত কল্যাণ ,স্বামী বিবেকানন্দ ,Bengali,Udbodhan,25.00,5,Medium,Soft,
ভাবসমাহিত শ্রীরামকৃষ্ণ,রমেন্দ্রনাথ মল্লিক,Bengali,Udbodhan,170.00,1,Large,Hard,
ভাববার কথা,স্বামী বিবেকানন্দ,Bengali,Udbodhan,14.00,2,Medium,Soft,
ভাগবতের কথা ও গল্প ,স্বামী অমলানন্দ,Bengali,Others,60.00,5,Medium,Soft,
ভগিনী নিবেদিতা ,প্রব্রাজিকা মুক্তিপ্রাণা,Bengali,Others,170.00,1,Large,Hard,
ভগিনী নিবেদিতা ,স্বামী তেজসানন্দ,Bengali,Udbodhan,25.00,1,Medium,Soft,
ভক্তিযোগ,স্বামী বিবেকানন্দ,Bengali,Udbodhan,15.00,2,Medium,Soft,
বেলুড় রামকৃষ্ণ সঙ্ঘের সঙ্ঘাধ্যক্ষ পরম্পরা,,Bengali,Udbodhan,250.00,2,Large,Hard,
বীরবানী ,স্বামী বিবেকানন্দ,Bengali,Others,55.00,3,Medium,Soft,
বিশ্ববরেণ্য শ্রীরামকৃষ্ণ,স্বামী লোকেশ্বরানন্দ,Bengali,Others,6.00,34,Medium,Hard,
বিবেকানন্দের ভারত প্রত্যাবর্তন,,Bengali,Others,5.00,2,Medium,Soft,
বিবেকানন্দের কথা ও গল্প,স্বামী প্রেমঘনানন্দ,Bengali,Others,90.00,5,Medium,Soft,
বিবেকানন্দ চিত্র কথা,,Bengali,Udbodhan,80.00,2,Large,Soft,
বিবেকচূড়ামণি ,স্বামী বেদন্তানন্দ,Bengali,Udbodhan,100.00,0,Medium,Soft,
বহুরূপে বিবেকানন্দ ,স্বামী চেতনানন্দ ,Bengali,Udbodhan,150.00,1,Large,Hard,
প্রাচ্য ও পাশ্চাত্য,স্বামী বিবেকানন্দ ,Bengali,Udbodhan,25.00,1,Medium,Soft,
প্রাচীন সাধুদের কথা (দ্বিতীয় খণ্ড),স্বামী চেতনানন্দ,Bengali,Udbodhan,200.00,2,Large,Hard,
প্রাচীন সাধুদের কথা (প্রথম খণ্ড),স্বামী চেতনানন্দ ,Bengali,Udbodhan,120.00,1,Large,Hard,
প্রেমিক পুরুষ প্রেমানন্দ,স্বামী প্রভবানন্দ,Bengali,Udbodhan,35.00,1,Medium,Soft,
প্রবুদ্ধ নাগরিকতা ও আমাদের গনতান্ত্রিক রাষ্ট্র,স্বামী রঙ্গনাথানন্দ,Bengali,Udbodhan,25.00,1,Medium,Soft,
পুনরুজ্জীবনের উপায়,স্বামী বিবেকানন্দ,Bengali,Mahamandal,5.00,1,Very Small,Soft,
পরিব্রাজক ,স্বামী বিবেকানন্দ ,Bengali,Udbodhan,25.00,2,Medium,Soft,
পরিপ্রশ্নেন ৩,,Bengali,Mahamandal,30.00,3,Large,Soft,
পরিপ্রশ্নেন ২ ,,Bengali,Mahamandal,30.00,9,Large,Soft,
পরমপদকমলে ,সঞ্জীব চট্টোপাধ্যায় ,Bengali,Udbodhan,150.00,2,Large,Hard,
পত্রবলী ,স্বামী বিবেকানন্দ,Bengali,Udbodhan,400.00,3,Large,Hard,
পওহারী বাবা,স্বামী বিবেকানন্দ,Bengali,Udbodhan,6.00,2,Medium,Soft,
নেতৃত্বের আদর্শ ও গুণাবলী,শ্রীনবনীহরণ মুখোপাধ্যায়,Bengali,Mahamandal,10.00,18,Medium,Soft,
নেতি থেকে ইতি,শ্রীনবনীহরণ মুখোপাধ্যায়,Bengali,Mahamandal,15.00,22,Medium,Soft,
ধ্যানলোকে শ্রীমা সারদা দেবী,স্বামী চেতনানন্দ,Bengali,Udbodhan,250.00,2,Large,Hard,
দেবী সারদামণি,স্বামী নির্লেপানন্দ,Bengali,Udbodhan,60.00,2,Medium,Soft,
তরুণের স্বপ্ন,সুভাষচন্দ্র বসু,Bengali,Others,250.00,9,Large,Hard,
জ্ঞানযোগ,স্বামী বিবেকানন্দ,Bengali,Udbodhan,60.00,3,Medium,Soft,
জীবন নদীর বাঁকে বাঁকে ,শ্রীনবনীহরণ মুখোপাধ্যায়,Bengali,Mahamandal,70.00,2,Large,Soft,
জীবন গড়া,শ্রীনবনীহরণ মুখোপাধ্যায়,Bengali,Mahamandal,10.00,50,Small,Soft,
জাতি সংস্কৃতি ও সমাজতন্ত্র,স্বামী বিবেকানন্দ,Bengali,Udbodhan,15.00,5,Medium,Soft,
জাগো যুবশক্তি ,স্বামী বিবেকানন্দ ,Bengali,Udbodhan,30.00,2,Medium,Soft,
জাগো বীর ,,Bengali,Others,9.00,6,Medium,Soft,
জন্মসার্ধশতবর্ষের শ্রদ্ধাঞ্জলি স্বামী বিবেকানন্দ ,স্বামী চৈতন্যানন্দ,Bengali,Udbodhan,300.00,1,Large,Hard,
জগতের ধর্মগুরু,,Bengali,Others,70.00,0,Large,Hard,
ছোটদের নিবেদিতা,প্রব্রাজিকা মুক্তিপ্রাণা,Bengali,Others,30.00,1,Large,Soft,
ছাত্রশক্তি,স্বামী সর্বগানন্দ,Bengali,Udbodhan,15.00,1,Medium,Soft,
ছাত্রজীবনের কর্তব্য,স্বামী বিরজানন্দ,Bengali,Udbodhan,6.00,5,Medium,Soft,
চিরজীবী বিবেকানন্দ,শ্রীনবনীহরণ মুখোপাধ্যায়,Bengali,Mahamandal,5.00,21,Medium,Soft,
চিত্রে চিরন্তন কাহিনী,,Bengali,Udbodhan,45.00,0,Large,Soft,
চরিত্র গঠন,শ্রীনবনীহরণ মুখোপাধ্যায়,Bengali,Mahamandal,10.00,11,Medium,Soft,
গল্পে বেদান্ত,স্বামী বিশ্বাশ্রয়ানন্দ,Bengali,Others,50.00,7,Medium,Soft,
গল্প-মালিকা ,স্বামী চেতনানন্দ ,Bengali,Udbodhan,150.00,1,Medium,Hard,
কুইজ অন্ শ্রী শ্রী সারদাদেবী,স্বামী বৈকুণ্ঠানন্দ,Bengali,Udbodhan,18.00,3,Medium,Soft,
কুইজ অন্ নিবেদিতা,স্বামী বৈকুণ্ঠানন্দ,Bengali,Udbodhan,20.00,5,Medium,Soft,
কুইজ অন শ্রী শ্রী রামকৃষ্ণদেব,স্বামী বৈকুন্ঠানন্দ,Bengali,Udbodhan,25.00,3,Medium,Hard,
কল্পতরু শ্রীরামকৃষ্ণ,স্বামী চেতনানন্দ,Bengali,Udbodhan,30.00,8,Medium,Soft,
কলকাতার ছেলে বিবেকানন্দ,স্বামী দেবেন্দ্রানন্দ ,Bengali,Udbodhan,25.00,3,Medium,Soft,
কলকাতাবাসিনী শ্রীমা সারদামণি,স্বামী দেবেন্দ্রানন্দ,Bengali,Udbodhan,25.00,3,Medium,Soft,
করুণারূপিণী জননী শ্রীসারদাদেবী,স্বামী ধর্মদানন্দ,Bengali,Udbodhan,20.00,2,Medium,Soft,
ওঠো জাগো এগিয়ে চলো,স্বামী বিবেকানন্দ,Bengali,Udbodhan,15.00,1,Medium,Soft,
এসো মানুষ হও,,Bengali,Udbodhan,25.00,3,Medium,Soft,
এসো দিশারী পথ দেখাও,স্বামী বুদ্ধানন্দ,Bengali,Mahamandal,4.00,3,Small,Soft,
একটি যুব অন্দোলন,শ্রীনবনীহরণ মুখোপাধ্যায়,Bengali,Mahamandal,25.00,15,Large,Soft,
এক সোনার মানুষ,স্বামী অব্জজানন্দ,Bengali,Udbodhan,250.00,1,Large,Hard,
এক নতুন মানুষ,স্বামী আত্মস্থানন্দ,Bengali,Udbodhan,15.00,3,Medium,Soft,
উপনিষদ গ্রন্থাবলী (৩),স্বামী গম্ভীরানন্দ ,Bengali,Udbodhan,120.00,1,Medium,Hard,
উপনিষদ গ্রন্থাবলী (২),স্বামী গম্ভীরানন্দ ,Bengali,Udbodhan,120.00,1,Medium,Hard,
উপনিষদ গ্রন্থাবলী (১),স্বামী গম্ভীরানন্দ ,Bengali,Udbodhan,150.00,1,Medium,Hard,
উঠ জাগো এগিয়ে চলো,স্বামী বিবেকানন্দ,Bengali,Udbodhan,15.00,2,Medium,Soft,
স্বামী অখন্ডানন্দ,স্বামী অন্নদানন্দ,Bengali,Udbodhan,65.00,1,Large,Hard,
আমার গুডউইন,প্রব্রাজিকা ব্রজপ্রাণা,Bengali,Udbodhan,22.00,2,Medium,Soft,
আমাদের মা,স্বামী অরূপানন্দ,Bengali,Udbodhan,9.00,3,Medium,Soft,
আনন্দ লহরী  স্বরলিপি,,Bengali,Udbodhan,60.00,1,Large,Soft,
আত্মবিকাশ ,স্বামী প্রেমেশানন্দ,Bengali,Others,10.00,17,Small,Soft,
অমৃতরুপ শ্রীরামকৃষ্ণ,স্বামী প্রভানন্দ,Bengali,Udbodhan,80.00,3,Large,Hard,
অনন্তরূপিণী  মা সারদা,স্বামী চিরূপানন্দ,Bengali,Udbodhan,350.00,1,Large,Hard,
অখিল ভারত বিবেকানন্দ যুব মহামন্ডলের চিন্তা ও কাজ,শ্রীনবনীহরণ মুখোপাধ্যায়,Bengali,Mahamandal,5.00,1,Small,Soft,
स्वामी विवेकानन्द  (संक्षिप्त जीवनी),स्वामी तेजसानन्द,Hindi,Advaita,35.00,2,Small,Soft,
साधु नागमहाशय,श्री शरच्चन्द्र चक्रवर्ती,Hindi,Others,25.00,1,Small,Soft,
श्रीरामकृष्णदेव की वाणी,,Hindi,Others,10.00,2,Very Small,Soft,
श्रीरामकृष्ण (संक्षिप्त जीवनी),स्वामी तेजसानन्द,Hindi,Advaita,35.00,2,Small,Soft,
श्रीरामकृष्ण (संक्षिप्त जीवनी),स्वामी तेजसानन्द,Hindi,Advaita,22.00,1,Small,Soft,
श्रीरामकृष्ण  की जीवन-कथा,स्वामी स्मरणानन्द,Hindi,Advaita,35.00,0,Large,Soft,
श्री शारदादेवी की वाणी,,Hindi,Others,6.00,5,Small,Soft,
श्री रामकृष्ण की जीवनगाथा,स्वामी प्रेमेशानन्द,Hindi,Advaita,12.00,3,Small,Soft,
श्री माँ सारदा देवी  (संक्षिप्त जीवनी),स्वामी पवित्रानन्द,Hindi,Advaita,18.00,4,Small,Soft,
शिकागो वक्तृता,स्वामी विवेकानन्द,Hindi,Others,20.00,8,Medium,Soft,
शिकागो वक्तृता,स्वामी विवेकानन्द,Hindi,Others,12.00,5,Medium,Soft,
विवेकानन्द की जीवनगाथा  ,स्वामी प्रेमे शानन्द,Hindi,Advaita,25.00,3,Small,Soft,
राजयोग,स्वामी विवेकानन्द,Hindi,Others,70.00,2,Medium,Soft,
भक्तियोग,स्वामी विवेकानन्द,Hindi,Others,6.00,3,Very Small,Soft,
ज्ञानयोग,स्वामी विवेकानन्द,Hindi,Others,80.00,2,Medium,Soft,
जय हनुमान सचित्र,स्वामी राघवेशानन्द,Hindi,Advaita,125.00,1,Large,Soft,
कर्मयोग,स्वामी विवेकानन्द,Hindi,Others,40.00,2,Small,Soft,
अखिल भारत विवेकानन्द युवा महामण्डल का उद्देश्य और कार्यपद्धति,श्री नवनीहरण मुखोपाध्याय,Hindi,Mahamandal,6.00,2,Small,Soft,
With the Swamis In America and India,Swami Atulananda,English,Advaita,85.00,1,Large,Soft,
Vivekananda's Devotion to His Mother Bhuvaneshwari Devi,Swami Tathagatananda,English,Advaita,20.00,1,Medium,Soft,
Vivekananda His Call To The Nation,,English,Advaita,12.00,8,Small,Soft,
Vivekananda For Children,Swami Vishwashrayananda,English,Udbodhan,35.00,2,Large,Soft,
Vivekananda A Biography,Shami Nikhilananda,English,Advaita,100.00,1,Medium,Soft,
Vairagya Shatakam,Swami Madhavananda,English,Advaita,22.00,1,Medium,Soft,
The Web of Indian Life,Sister Nivedita ,English,Advaita,85.00,1,Medium,Soft,
The Sixty Three Nayanmars,Smt. Gowri Rajagopal ,English,Others,60.00,1,Medium,Soft,
The Message of Ramakrishna ,,English,Advaita,8.00,1,Very Small,Soft,
The Message of Ramakrishna,,English,Advaita,4.00,3,Very Small,Soft,
The Master As I Saw Him,Sister Nivedita,English,Udbodhan,80.00,0,Medium,Hard,
The Master As I Saw Him,Sister Nivedita,English,Udbodhan,300.00,1,Medium,Soft,
The Massage of Vivekananda ,,English,Advaita,8.00,1,Very Small,Soft,
The Life of Swami Vivekananda By His Eastern and Western Disciples 2,Swami Shuddhidananda ,English,Advaita,280.00,1,Large,Hard,
The Life of Swami Vivekananda By His Eastern and Western Disciples 1,Swami Shuddhidananda ,English,Advaita,250.00,1,Large,Hard,
Tales From Vivekananda,Swami Ishatmanada,English,Advaita,30.00,1,Medium,Soft,
Swami Akhandananda as We saw Him,,English,Advaita,60.00,1,Large,Soft,
Sri Ramakrishna A Biography,Swami Nikhilananda,English,Others,55.00,1,Medium,Soft,
Spiritualizing Everyday Life,Swami Ashokananda,English,Advaita,30.00,3,Medium,Soft,
Sixteen Facets of Self-Realization,Swami Srikantananda,English,Others,35.00,2,Medium,Soft,
Sister Nivedita For Children,Swami Purnajnanananda,English,Others,65.00,1,Medium,Soft,
Sister Nivedita,Pravrajika Atmaprana,English,Advaita,140.00,4,Large,Hard,
Sarada Devi For Children,Swami Vishwashrayananda,English,Udbodhan,35.00,4,Large,Soft,
Ramakrishna For Children,Swami Vishwashrayananda,English,Udbodhan,35.00,4,Large,Soft,
Raja Yoga,Swami Vivekananda,English,Advaita,72.00,3,Medium,Soft,
Practical Vedanta,Swami Vivekananda,English,Advaita,25.00,3,Small,Soft,
Philosophy of service ,Swami ranganathananda ,English,Advaita,45.00,1,Large,Soft,
Patanjali Yoga Sutras,Swami Prabhavananda,English,Others,70.00,1,Medium,Soft,
My Faithful Goodwin ,Pravrajika Vrajaprana,English,Advaita,30.00,2,Medium,Soft,
Mahendra Nath Gupta ,Swami Chetanananda,English,Advaita,200.00,1,Large,Hard,
Karma Yoga ,Swami Vivekananda,English,Advaita,25.00,6,Small,Soft,
Kali The Mother,Sister Nivedita ,English,Advaita,35.00,2,Small,Soft,
Jnana Yoga ,Swami Vivekananda,English,Advaita,65.00,1,Small,Soft,
Jnana Yoga,Swami Vivekananda ,English,Advaita,120.00,1,Medium,Soft,
In the Company of The Holy Mother,,English,Advaita,65.00,1,Large,Soft,
How a Shepherd Boy Became a Saint,Swami Chetanananda,English,Advaita,75.00,2,Large,Hard,
Cradle Tales of Hinduism ,Sister Nivedita ,English,Advaita,135.00,2,Medium,Soft,
Chicago Address,Swami Vivekananda,English,Advaita,15.00,1,Small,Soft,
Bhakti Yoga,Swami Vivekananda,English,Advaita,20.00,6,Medium,Soft,
The Life of Vivekananda and The Universal Gospel,Romain Rolland,English,Advaita,130.00,1,Large,Hard,